ncesid,school_name,state,county_fips,city_county,enroll2000,enroll2002,enroll2004,enroll2006,enroll2008,enroll2010
1613912,LANDMARK CHRISTIAN ACADEMY,KENTUCKY,21111,LOUISVILLE JEFFERSON,153,146,170,184,156,119
1649825,ST-FRANCIS HIGH SCHOOL,KENTUCKY,21111,LOUISVILLE JEFFERSON,130,121,125,,,
1649836,ST JOHNS ACADEMY,KENTUCKY,21111,LOUISVILLE JEFFERSON,,16,,,,
1930137,THE DE PAUL SCHOOL,KENTUCKY,21111,LOUISVILLE JEFFERSON,243,278,258,246,235,218
1930159,EMMA L MINNIS JUNIOR ACADEMY,KENTUCKY,21111,LOUISVILLE JEFFERSON,49,30,25,24,35,22
1930308,ELIAHU ACADEMY,KENTUCKY,21111,LOUISVILLE JEFFERSON,92,87,62,71,36,
2028476,MAJESTY CHRISTIAN SCHOOL,KENTUCKY,21059,OWENSBORO DAVIESS,79,59,72,,,
2028498,H.T.S.L. HALLIS TRADITIONAL SC,KENTUCKY,21067,LEX FAYETTE,11,,,,,
2028498,H.T.S.L. HALLIS TRADITIONAL SC,KENTUCKY,21067,LEXINGTON FAYETTE,,13,17,,,
2028501,LEXINGTON HEARING AND SPEECH C,KENTUCKY,21067,LEXINGTON FAYETTE,10,,,,,
2028545,CLAYS MILL ROAD CHRISTIAN ACADEMY,KENTUCKY,21067,LEXINGTON FAYETTE,61,78,82,79,85,96
2028556,THE DAVID SCHOOL,KENTUCKY,21071,DAVID FLOYD,53,75,65,50,28,40
2028567,THE REV JAMES UZZLE MEMORIAL CHRISTIAN ACADEMY,KENTUCKY,21075,HICKMAN FULTON,33,32,28,2,,8
2028578,MONTESSORI CHILDREN'S ACADEMY,KENTUCKY,21093,ELIZABETHTOWN HARDIN,6,6,6,3,17,13
2028589,PENNYRILE CHRISTIAN ACADEMY,KENTUCKY,21107,MADISONVILLE HOPKINS,58,11,22,,,
2028614,HEUSER HEARING & LANGUAGE ACADEMY,KENTUCKY,21111,LOUISVILLE JEFFERSON,10,120,8,15,30,6
2028625,THE VIRGINIA CHANCE SCHOOL,KENTUCKY,21111,LOUISVILLE JEFFERSON,103,122,165,100,98,97
2028658,CALVARY CHRISTIAN ACADEMY,KENTUCKY,21133,LETCHER LETCHER,87,56,,,,
2182643,SACRED HEART MODEL SCHOOL,KENTUCKY,21111,LOUISVILLE JEFFERSON,368,370,,360,360,360
2869726,ST JOHN SCHOOL,KENTUCKY,21209,GEORGETOWN SCOTT,114,133,152,137,127,153
513974,MERCY ACADEMY,KENTUCKY,21111,LOUISVILLE JEFFERSON,364,402,412,456,540,610
513985,MOST BLESSED SACRAMENT SCHOOL,KENTUCKY,21111,LOUISVILLE JEFFERSON,214,207,188,,,
513996,ST MARY ACADEMY,KENTUCKY,21111,LOUISVILLE JEFFERSON,440,383,,251,232,
514005,OUR LADY OF CONSOLATION EL SC,KENTUCKY,21111,LOUISVILLE JEFFERSON,177,176,145,,,
514016,OUR LADY OF LOURDES SCHOOL,KENTUCKY,21111,LOUISVILLE JEFFERSON,472,456,404,448,411,410
514027,ST NICHOLAS ACADEMY,KENTUCKY,21111,LOUISVILLE JEFFERSON,541,536,498,798,642,493
514038,OUR MOTHER OF SORROWS SCHOOL,KENTUCKY,21111,LOUISVILLE JEFFERSON,200,202,166,,,
514049,PRESENTATION ACADEMY,KENTUCKY,21111,LOUISVILLE JEFFERSON,403,373,353,340,314,285
514071,THOMAS MERTON ACADEMY,KENTUCKY,21111,LOUISVILLE JEFFERSON,184,183,,,,
514082,SACRED HEART ACADEMY,KENTUCKY,21111,LOUISVILLE JEFFERSON,685,751,791,768,810,838
514107,ST AGNES SCHOOL,KENTUCKY,21111,LOUISVILLE JEFFERSON,428,427,411,421,431,431
514118,ST ALBERT THE GREAT SCHOOL,KENTUCKY,21111,LOUISVILLE JEFFERSON,572,592,651,764,696,666
514162,ST ATHANASIUS,KENTUCKY,21111,LOUISVILLE JEFFERSON,,407,400,386,467,464
514173,ST BARNABAS CATHOLIC SCHOOL,KENTUCKY,21111,LOUISVILLE JEFFERSON,431,386,310,240,,
514195,ST BENEDICT ELEMENTARY,KENTUCKY,21029,LEBANON JUNCTI BULLITT,76,,,,,
514209,ST AUGUSTINE SCHOOL,KENTUCKY,21155,LEBANON MARION,213,179,178,191,173,156
514231,HOLY TRINITY PARISH SCHOOL,KENTUCKY,21111,LOUISVILLE JEFFERSON,595,648,726,755,744,701
514242,HOLY SPIRIT SCHOOL,KENTUCKY,21111,LOUISVILLE JEFFERSON,465,432,403,351,400,413
514253,HOLY ROSARY ACADEMY,KENTUCKY,21111,LOUISVILLE JEFFERSON,180,164,,,,
514275,HOLY FAMILY SCHOOL,KENTUCKY,21111,LOUISVILLE JEFFERSON,213,179,179,230,209,206
514286,HOLY ANGELS ACADEMY,KENTUCKY,21111,LOUISVILLE JEFFERSON,,,,,134,
514311,DE SALES HIGH SCHOOL,KENTUCKY,21111,LOUISVILLE JEFFERSON,360,332,313,286,284,292
514322,COMMUNITY CATHOLIC SCHOOL,KENTUCKY,21111,LOUISVILLE JEFFERSON,333,134,,,,
514344,HOLY CROSS HIGH SCHOOL,KENTUCKY,21111,LOUISVILLE JEFFERSON,324,339,333,322,268,245
514355,ASSUMPTION HIGH SCHOOL,KENTUCKY,21111,LOUISVILLE JEFFERSON,930,952,975,,1004,947
514366,ASCENSON,KENTUCKY,21111,LOUISVILLE JEFFERSON,479,489,444,358,297,259
514399,ST MARY ACADEMY,KENTUCKY,21185,LA GRANGE OLDHAM,142,153,159,,121,
514402,ST EDWARD SCHOOL,KENTUCKY,21111,JEFFERSONTOWN JEFFERSON,608,597,561,542,,
514402,ST EDWARD SCHOOL,KENTUCKY,21111,LOUISVILLE JEFFERSON,,,,,509,458
514413,ST ANN SCHOOL,KENTUCKY,21179,HOWARDSTOWN NELSON,52,56,47,45,38,25
514446,ST GABRIEL SCHOOL,KENTUCKY,21111,FERN CREEK JEFFERSON,800,779,,,,
514446,ST GABRIEL SCHOOL,KENTUCKY,21111,LOUISVILLE JEFFERSON,,,765,750,750,729
514468,ST JAMES CATHOLIC SCHOOL,KENTUCKY,21093,ELIZABETHTOWN HARDIN,421,433,409,435,391,411
514479,ST JOHN THE APOSTLE SCHOOL,KENTUCKY,21163,BRANDENBURG MEADE,172,153,131,,,
514515,ST JOSEPH SCHOOL,KENTUCKY,21179,BARDSTOWN NELSON,473,435,415,397,385,361
514526,BETHLEHEM HIGH SCHOOL,KENTUCKY,21179,BARDSTOWN NELSON,311,314,300,265,287,301
514537,TRINITY HIGH SCHOOL,KENTUCKY,21111,LOUISVILLE JEFFERSON,1104,1197,1369,,1345,1381
514559,ST CATHERINE ACADEMY,KENTUCKY,21179,NEW HAVEN NELSON,236,211,183,157,120,104
514581,ST ALOYSIUS SCHOOL,KENTUCKY,21185,PEWEE VALLEY OLDHAM,370,409,455,453,,433
514592,ST ANDREW ACADEMY,KENTUCKY,21111,LOUISVILLE JEFFERSON,408,418,408,584,436,294
514606,ST CHRISTOPHER SCHOOL,KENTUCKY,21093,RADCLIFF HARDIN,168,135,111,,,
514617,ST GREGORY ELEMENTARY SCHOOL,KENTUCKY,21179,COXS CREEK NELSON,139,198,164,166,111,103
514628,ST ALOYSIUS GONZAGA ACADEMY,KENTUCKY,21029,SHEPHERDSVILLE BULLITT,229,205,,,172,152
514639,ST DOMINIC SCHOOL,KENTUCKY,21229,SPRINGFIELD WASHINGTON,226,197,194,186,208,209
514672,ST BRIGID ELEMENTARY SCHOOL,KENTUCKY,21093,VINE GROVE HARDIN,101,98,69,,,
514683,ST XAVIER HIGH SCHOOL,KENTUCKY,21111,LOUISVILLE JEFFERSON,1574,,1431,1407,1429,1456
514708,ST THOMAS MORE SCHOOL,KENTUCKY,21111,LOUISVILLE JEFFERSON,223,182,180,,,
514741,ST STEPHEN MARTYR SCHOOL,KENTUCKY,21111,LOUISVILLE JEFFERSON,381,376,348,445,404,384
514752,SS SIMON & JUDE ELEM SCHOOL,KENTUCKY,21111,LOUISVILLE JEFFERSON,229,214,212,,,
514763,ST RITA ELEMENTARY SCHOOL,KENTUCKY,21111,LOUISVILLE JEFFERSON,397,401,353,351,312,269
514774,ST RAPHAEL THE ARCHANGEL ELEMENTARY SCHOOL,KENTUCKY,21111,LOUISVILLE JEFFERSON,592,609,536,490,460,426
514785,ST PIUS X SCHOOL,KENTUCKY,21111,LOUISVILLE JEFFERSON,399,350,343,310,,
514796,ST PAUL SCHOOL,KENTUCKY,21111,LOUISVILLE JEFFERSON,232,225,228,242,176,165
514832,ST MARTHA ELEMENTARY SCHOOL,KENTUCKY,21111,LOUISVILLE JEFFERSON,544,549,541,575,535,494
514843,ST MARGARET MARY SCHOOL,KENTUCKY,21111,LOUISVILLE JEFFERSON,531,600,665,702,732,721
514854,ST LEONARD SCHOOL,KENTUCKY,21111,LOUISVILLE JEFFERSON,173,174,180,161,148,157
514865,NOTRE DAME ACADEMY,KENTUCKY,21111,LOUISVILLE JEFFERSON,401,393,364,454,424,384
514876,ST JOSEPH SCHOOL,KENTUCKY,21111,LOUISVILLE JEFFERSON,104,85,,,,
514887,ST JOHN VIANNEY ELEM SCHOOL,KENTUCKY,21111,LOUISVILLE JEFFERSON,156,151,,,,
514898,ST JAMES CATHOLIC SCHOOL,KENTUCKY,21111,LOUISVILLE JEFFERSON,108,119,124,120,112,110
514912,ST HELEN ELEMENTARY SCHOOL,KENTUCKY,21111,LOUISVILLE JEFFERSON,189,168,121,,,
514934,ST FRANCIS OF ASSISI SCHOOL,KENTUCKY,21111,LOUISVILLE JEFFERSON,258,248,240,234,245,254
514945,ST ROSE SCHOOL,KENTUCKY,21111,LOUISVILLE JEFFERSON,134,130,167,,,
514956,ST DENIS ELEMENTARY SCHOOL,KENTUCKY,21111,LOUISVILLE JEFFERSON,187,156,143,,,
514978,ST CLEMENT SCHOOL,KENTUCKY,21111,LOUISVILLE JEFFERSON,204,163,146,573,,
515009,ST BERNARD CATHOLIC SCHOOL,KENTUCKY,21111,LOUISVILLE JEFFERSON,433,417,397,411,392,423
515042,ST BARTHOLOMEW ELEM SCHOOL,KENTUCKY,21111,LOUISVILLE JEFFERSON,174,174,234,189,,
515144,ST CATHERINE OF SIENA,KENTUCKY,21037,FORT THOMAS CAMPBELL,236,230,225,194,192,180
515155,ST THOMAS SCHOOL,KENTUCKY,21037,FORT THOMAS CAMPBELL,259,243,236,210,175,175
515166,ST AGNES SCHOOL,KENTUCKY,21117,FORT WRIGHT KENTON,,,,,446,
515166,ST AGNES SCHOOL,KENTUCKY,21117,FT WRIGHT KENTON,528,498,494,462,,436
515177,GOOD SHEPHERD CATHOLIC SCHOOL,KENTUCKY,21073,FRANKFORT FRANKLIN,322,332,331,285,224,165
515188,HOLY TRINITY SCHOOL,KENTUCKY,21095,HARLAN HARLAN,68,68,,,,
515199,IMMACULATE HEART OF MARY,KENTUCKY,21015,BURLINGTON BOONE,448,535,592,614,616,658
515202,ST CECILIA ELEMENTARY SCHOOL,KENTUCKY,21117,INDEPENDENCE KENTON,281,330,349,294,264,224
515213,CHRIST THE KING SCHOOL,KENTUCKY,21067,LEXINGTON FAYETTE,526,520,522,459,438,458
515224,LEXINGTON CATHOLIC HIGH SCHOOL,KENTUCKY,21067,LEXINGTON FAYETTE,848,865,871,869,877,842
515235,MARY QUEEN OF THE HOLY ROSARY SCHOOL,KENTUCKY,21067,LEXINGTON FAYETTE,576,565,554,570,502,417
515246,STS. PETER & PAUL SCHOOL,KENTUCKY,21067,LEXINGTON FAYETTE,367,393,389,301,331,325
515279,ST PATRICK SCHOOL,KENTUCKY,21161,MAYSVILLE MASON,306,283,270,281,292,252
515304,ST JOSEPH ELEMENTARY SCHOOL,KENTUCKY,21037,CAMP SPRINGS CAMPBELL,,67,73,,,
515304,ST JOSEPH ELEMENTARY SCHOOL,KENTUCKY,21037,CAMPSPRINGS CAMPBELL,,,,62,,
515304,ST JOSEPH ELEMENTARY SCHOOL,KENTUCKY,21037,MELBOURNE CAMPBELL,62,,,,47,37
515315,ST PHILIP SCHOOL,KENTUCKY,21037,MELBOURNE CAMPBELL,101,99,87,93,95,82
515326,ST JULIAN SCHOOL,KENTUCKY,21013,MIDDLESBORO BELL,69,74,48,37,57,39
515359,NEWPORT CENTRAL CATHOLIC HIGH SCHOOL,KENTUCKY,21037,NEWPORT CAMPBELL,430,,441,487,466,420
515381,HOLY SPIRIT JR HIGH,KENTUCKY,21037,NEWPORT CAMPBELL,58,59,,,,
515392,HOLY SPIRIT ELEMENTARY SCHOOL,KENTUCKY,21037,NEWPORT CAMPBELL,103,73,,,,
515417,OUR LADY OF THE MOUNTAINS SCHOOL,KENTUCKY,21115,PAINTSVILLE JOHNSON,58,52,60,49,48,42
515428,ST MARY SCHOOL,KENTUCKY,21017,PARIS BOURBON,73,71,110,127,111,100
515439,ST FRANCIS OF ASSISI CATHOLIC SCHOOL,KENTUCKY,21195,PIKEVILLE PIKE,76,89,70,73,74,66
515461,ST MARK CATHOLIC SCHOOL,KENTUCKY,21151,RICHMOND MADISON,154,179,183,196,,41
515472,ST THERESE SCHOOL,KENTUCKY,21037,SOUTHGATE CAMPBELL,350,359,372,349,359,319
515483,ST ANTHONY ELEMENTARY SCHOOL,KENTUCKY,21117,COVINGTON KENTON,194,196,167,164,146,
515483,ST ANTHONY ELEMENTARY SCHOOL,KENTUCKY,21117,TAYLOR MILL KENTON,,,,,,83
515494,ST LEO SCHOOL,KENTUCKY,21239,VERSAILLES WOODFORD,175,187,177,174,169,134
515541,ST AGATHA ACADEMY,KENTUCKY,21049,WINCHESTER CLARK,149,199,218,198,191,148
515563,BLESSED SACRAMENT ELEMENTARY SCHOOL,KENTUCKY,21117,COVINGTON KENTON,598,,,,,
515563,BLESSED SACRAMENT ELEMENTARY SCHOOL,KENTUCKY,21117,FORT MITCHELL KENTON,,610,,,568,
515563,BLESSED SACRAMENT ELEMENTARY SCHOOL,KENTUCKY,21117,FT MITCHELL KENTON,,,597,583,,581
515574,ST PAUL SCHOOL,KENTUCKY,21015,FLORENCE BOONE,562,612,594,551,496,445
515585,ST HENRY SCHOOL,KENTUCKY,21117,ELSMERE KENTON,,,,,365,283
515585,ST HENRY SCHOOL,KENTUCKY,21117,ERLANGER KENTON,532,557,503,408,,
515596,ST HENRY DISTRICT HIGH SCHOOL,KENTUCKY,21015,ERLANGER BOONE,,,,,540,518
515596,ST HENRY DISTRICT HIGH SCHOOL,KENTUCKY,21117,ERLANGER KENTON,,540,487,519,,
515621,MARY QUEEN OF HEAVEN SCHOOL,KENTUCKY,21015,ERLANGER BOONE,,,175,165,199,206
515621,MARY QUEEN OF HEAVEN SCHOOL,KENTUCKY,21117,ERLANGER KENTON,222,195,,,,
515632,ST PIUS X ELEMENTARY SCHOOL,KENTUCKY,21117,EDGEWOOD KENTON,667,620,648,592,578,581
515643,ST BERNARD SCHOOL,KENTUCKY,21037,DAYTON CAMPBELL,96,117,,,,
515665,ST EDWARD SCHOOL,KENTUCKY,21097,CYNTHIANA HARRISON,67,71,76,75,39,42
515676,ST JOSEPH SCHOOL,KENTUCKY,21117,CRESCENT SPRGS KENTON,536,562,,,,
515676,ST JOSEPH SCHOOL,KENTUCKY,21117,CRESCENT SPRINGS KENTON,,,556,511,508,408
515698,PRINCE OF PEACE SCHOOL,KENTUCKY,21117,COVINGTON KENTON,129,97,99,130,116,120
515701,HOLY FAMILY CATHOLIC SCHOOL,KENTUCKY,21117,COVINGTON KENTON,110,96,122,86,76,59
515712,ST AUGUSTINE SCHOOL,KENTUCKY,21117,COVINGTON KENTON,155,171,166,155,136,120
515734,NOTRE DAME ACADEMY,KENTUCKY,21117,COVINGTON KENTON,602,585,,,,
515734,NOTRE DAME ACADEMY,KENTUCKY,21117,PARK HILLS KENTON,,,584,594,568,596
515745,HOLY CROSS DISTRICT HIGH SCHOOL,KENTUCKY,21117,COVINGTON KENTON,388,435,430,437,444,453
515756,HOLY CROSS ELEMENTARY SCHOOL,KENTUCKY,21117,COVINGTON KENTON,233,,180,177,157,166
515767,COVINGTON LATIN SCHOOL,KENTUCKY,21117,COVINGTON KENTON,194,175,202,,,235
515778,COVINGTON CATHOLIC HIGH SCHOOL,KENTUCKY,21117,PARK HILLS KENTON,504,478,480,478,506,496
515803,ST CAMILLUS ACADEMY,KENTUCKY,21121,CORBIN KNOX,166,129,149,142,163,120
515814,ST JOSEPH ELEMENTARY SCHOOL,KENTUCKY,21037,COLD SPRING CAMPBELL,646,655,621,580,552,506
515825,SS PETER & PAUL ELEMENTARY SCHOOL,KENTUCKY,21037,CALIFORNIA CAMPBELL,142,162,202,191,182,161
515847,HOLY TRINITY ELEMENTARY SCHOOL,KENTUCKY,21037,BELLEVUE CAMPBELL,103,104,185,211,,
515858,ST AUGUSTINE SCHOOL,KENTUCKY,21023,AUGUSTA BRACKEN,77,84,96,89,76,69
515891,HOLY FAMILY SCHOOL,KENTUCKY,21019,ASHLAND BOYD,192,153,147,141,,118
515905,ST MARY SCHOOL,KENTUCKY,21037,ALEXANDRIA CAMPBELL,517,568,544,469,427,341
515916,BISHOP BROSSART HIGH SCHOOL,KENTUCKY,21037,ALEXANDRIA CAMPBELL,429,438,413,401,381,368
516024,ST JOSEPH INTERPAROCHIAL SCHOOL,KENTUCKY,21227,BOWLING GREEN WARREN,281,278,283,297,310,311
516046,ST ROMUALD INTERPAROCHIAL SCHOOL,KENTUCKY,21027,HARDINSBURG BRECKINRIDGE,163,175,210,216,227,228
516068,HOLY NAME OF JESUS CATHOLIC SCHOOL,KENTUCKY,21101,HENDERSON HENDERSON,622,548,559,,476,457
516104,ST JOSEPH CATHOLIC SCHOOL,KENTUCKY,21083,MAYFIELD GRAVES,119,112,74,37,47,33
516115,ST ANN INTERPAROCHIAL SCHOOL,KENTUCKY,21225,MORGANFIELD UNION,201,208,206,189,203,215
516126,OWENSBORO CATHOLIC MIDDLE SCHOOL,KENTUCKY,21059,OWENSBORO DAVIESS,340,292,245,,213,192
516137,OWENSBORO CATHOLIC ELEMENTARY K-3,KENTUCKY,21059,OWENSBORO DAVIESS,251,214,169,338,371,391
516148,OWENSBORO CATHOLIC HIGH SCHOOL,KENTUCKY,21059,OWENSBORO DAVIESS,690,659,,507,474,434
516159,BISHOP HENRY J SOENNEKER ELEM,KENTUCKY,21059,OWENSBORO DAVIESS,68,,,,,
516192,HOLY ANGELS ELEMENTARY SCHOOL,KENTUCKY,21059,OWENSBORO DAVIESS,191,151,135,,,
516261,ST JOHN ELEMENTARY SCHOOL,KENTUCKY,21145,PADUCAH MCCRACKEN,54,65,53,49,,
516272,ST MARY ELEMENTARY SCHOOL,KENTUCKY,21145,PADUCAH MCCRACKEN,332,292,261,246,238,
516283,MARY CARRICO MEMORIAL SCHOOL,KENTUCKY,21059,PHILPOT DAVIESS,146,124,86,83,94,65
516341,ST MARY OF THE WOODS SCHOOL,KENTUCKY,21059,WHITESVILLE DAVIESS,232,216,183,170,168,156
516352,TRINITY HIGH SCHOOL,KENTUCKY,21059,WHITESVILLE DAVIESS,171,175,164,139,133,135
516363,OWENSBORO CATHOLIC ELEMENTARY SCHOOL 4-6 CAMPUS,KENTUCKY,21059,OWENSBORO DAVIESS,353,333,284,276,278,254
516374,ST PAUL CATHOLIC ELEMENTARY,KENTUCKY,21085,LEITCHFIELD GRAYSON,34,29,32,26,28,29
516385,STS PETER & PAUL SCHOOL,KENTUCKY,21047,HOPKINSVILLE CHRISTIAN,190,188,211,175,191,162
516421,ST MARY SCHOOL SYSTEM,KENTUCKY,21145,PADUCAH MCCRACKEN,193,652,348,322,565,552
516432,CHRIST THE KING CATHOLIC SCHOOL,KENTUCKY,21107,MADISONVILLE HOPKINS,166,136,121,107,87,70
516476,ST FRANCIS SCHOOL,KENTUCKY,21185,GOSHEN OLDHAM,392,308,263,243,237,228
516487,HAYFIELD MONTESSORI SCHOOL,KENTUCKY,21111,LOUISVILLE JEFFERSON,42,98,30,41,42,47
516523,BETHANY CHRISTIAN SCHOOL,KENTUCKY,21025,CAMPTON BREATHITT,,,,,,32
516523,BETHANY CHRISTIAN SCHOOL,KENTUCKY,21237,BETHANY WOLFE,66,56,53,37,18,
516534,PORTLAND CHRISTIAN SCHOOL - PORTLAND AVENUE CAMPUS,KENTUCKY,21111,LOUISVILLE JEFFERSON,277,295,,276,137,194
516567,MILLERSBURG MILITARY INSTITUTE,KENTUCKY,21017,MILLERSBURG BOURBON,116,36,33,47,,
516578,ST MICHAELS SCHOOL,KENTUCKY,21067,LEXINGTON FAYETTE,48,45,27,12,11,7
516636,THE LEXINGTON SCHOOL,KENTUCKY,21067,LEXINGTON FAYETTE,426,471,435,427,438,460
516647,COMMUNITY MONTESSORI SCHOOL,KENTUCKY,21067,LEXINGTON FAYETTE,115,149,295,147,145,217
516658,OAKDALE CHRISTIAN ACADEMY,KENTUCKY,21025,JACKSON BREATHITT,41,44,42,56,46,34
516669,WALDEN SCHOOL CORPORATION,KENTUCKY,21111,LOUISVILLE JEFFERSON,225,254,245,248,271,258
516716,LOUISVILLE COLLEGIATE SCHOOL,KENTUCKY,21111,LOUISVILLE JEFFERSON,614,648,627,,630,611
516782,LONDON CHRISTIAN ACADEMY,KENTUCKY,21125,LONDON LAUREL,63,60,67,60,45,54
516851,NORTHSIDE CHRISTIAN SCHOOL,KENTUCKY,21111,LOUISVILLE JEFFERSON,176,144,128,120,113,109
516862,ONEIDA BAPTIST INSTITUTE,KENTUCKY,21051,ONEIDA CLAY,392,338,324,297,269,300
516873,ORCHARD ST CHRISTIAN SCHOOL,KENTUCKY,21117,ELSMERE KENTON,115,,,,,
516909,RIVERSIDE CHRISTIAN TRAINING SCHOOL,KENTUCKY,21025,LOST CREEK BREATHITT,107,79,69,72,89,91
516975,WHITEFIELD ACADEMY,KENTUCKY,21111,LOUISVILLE JEFFERSON,655,685,644,672,718,721
517061,EVANGEL CHRISTIAN SCHOOL,KENTUCKY,21111,LOUISVILLE JEFFERSON,491,444,,266,290,216
517072,ACADEMY FOR INDIVIDUAL EXCELLENCE,KENTUCKY,21111,LOUISVILLE JEFFERSON,336,423,450,428,430,359
517108,SHEDD ACADEMY,KENTUCKY,21083,MAYFIELD GRAVES,28,24,13,14,17,7
517152,CAPITAL DAY SCHOOL,KENTUCKY,21073,FRANKFORT FRANKLIN,163,,118,134,99,114
517174,BLUE GRASS BAPTIST SCHOOL,KENTUCKY,21067,LEXINGTON FAYETTE,222,188,215,168,172,163
517185,BETH HAVEN CHRISTIAN SCHOOL,KENTUCKY,21111,LOUISVILLE JEFFERSON,258,264,302,375,345,228
517196,ANCHORED CHRISTIAN SCHOOL,KENTUCKY,21227,BOWLING GREEN WARREN,97,76,93,141,140,106
517243,UNIVERSITY HEIGHTS ACADEMY,KENTUCKY,21047,HOPKINSVILLE CHRISTIAN,316,294,276,254,294,336
517265,FAITH HILLS CHRISTIAN SCHOOL,KENTUCKY,21175,CROCKETT MORGAN,43,40,38,34,31,35
517287,SALINE CHRISTIAN ACADEMY,KENTUCKY,21199,SOMERSET PULASKI,78,81,61,47,56,51
517298,FRANKLIN MENNONITE SCHOOL,KENTUCKY,21213,FRANKLIN SIMPSON,,26,14,18,22,34
517298,FRANKLIN MENNONITE SCHOOL,KENTUCKY,21213,RUSSELLVILLE SIMPSON,,,,,,
517403,APPALACHIAN CHRISTIAN ACADEMY,KENTUCKY,21051,MANCHESTER CLAY,13,7,6,8,13,4
517436,RED BIRD CHRISTIAN SCHO,KENTUCKY,21013,BEVERLY BELL,278,247,248,253,222,219
A0103741,A CHILD'S WORLD,KENTUCKY,21117,EDGEWOOD KENTON,,,,,3,
A0103741,A CHILD'S WORLD,KENTUCKY,21117,ERLANGER KENTON,,8,11,8,,
A0103742,ABBY'S CHILD ENRICHMENT CENTER,KENTUCKY,21117,TAYLOR MILL KENTON,,,,,,
A0103750,BEECHLAND BAPTIST CHURCH DCC,KENTUCKY,21111,LOUISVILLE JEFFERSON,,10,5,7,4,
A0103753,CATHEDRAL CHILD DEVELOPMENT CENTER,KENTUCKY,21117,COVINGTON KENTON,,23,23,22,,
A0103754,CATLETTSBURG CHRISTIAN ACADEMY,KENTUCKY,21019,CATLETTSBURG BOYD,,43,,,,
A0103755,THE CENTENARY SCHOOL,KENTUCKY,21067,LEXINGTON FAYETTE,,15,15,13,20,20
A0103760,CHR ACAD OF LOUISVILLE ELEM,KENTUCKY,21111,LOUISVILLE JEFFERSON,,584,,,,
A0103761,CHRISTIAN ACADEMY OF LOUISVILLE,KENTUCKY,21111,LOUISVILLE JEFFERSON,,45,123,154,,
A0103762,CHR ACAD OF LOUISVILLE HIGH SC,KENTUCKY,21111,LOUISVILLE JEFFERSON,,499,,,,
A0103763,CHRISTIAN ACADEMY OF LOUISVILLE ENGLISH CAMPUS,KENTUCKY,21111,LOUISVILLE JEFFERSON,,454,,2813,2905,
A0103764,CORBIN CHRISTIAN ACADEMY,KENTUCKY,21235,CORBIN WHITLEY,,19,30,16,,
A0103765,COUNTRY HILLS MONTESSORI-ERLANGER,KENTUCKY,21117,ERLANGER KENTON,,1,2,4,4,1
A0103766,COVENANT CHRISTIAN ACADEMY,KENTUCKY,21111,LOUISVILLE JEFFERSON,,20,35,,,
A0103767,CREATIVE MONTESSORI SCHOOL,KENTUCKY,21067,LEXINGTON FAYETTE,,6,6,,,
A0103767,CREATIVE MONTESSORI SCHOOL,KENTUCKY,21067,MICHOLSAVILLE FAYETTE,,,,4,,
A0103767,CREATIVE MONTESSORI SCHOOL,KENTUCKY,21113,NICHOLASVILLE JESSAMINE,,,,,3,3
A0103768,THE FRANKFORT CHRISTIAN ACADEMY,KENTUCKY,21073,FRANKFORT FRANKLIN,,161,188,226,264,307
A0103770,ELIZABETHTOWN CHRISTIAN ACADEMY,KENTUCKY,21093,ELIZABETHTOWN HARDIN,,59,96,148,115,122
A0103771,FAMILIES FOR CHRIST CHR ACAD,KENTUCKY,21111,LOUISVILLE JEFFERSON,,18,,,,
A0103772,FIRST CHRISTIAN CHURCH PRESCHOOL PRE-K,KENTUCKY,21093,ELIZABETHTOWN HARDIN,,10,8,12,,
A0103773,THE GODDARD SCHOOL,KENTUCKY,21117,FORT MITCHELL KENTON,,5,,,8,
A0103773,THE GODDARD SCHOOL,KENTUCKY,21117,FT MITCHELL KENTON,,,7,12,,12
A0103774,THE GODDARD SCHOOL,KENTUCKY,21117,CRESTVIEW HILLS KENTON,,8,,,,
A0103777,HEIRPORT EARLY LEARNING CENTER,KENTUCKY,21015,FLORENCE BOONE,,9,8,,,
A0103779,HIGHLAND CHRISTIAN SCHOOL,KENTUCKY,21161,MAYSVILLE MASON,,28,43,42,36,76
A0103785,LAKE BARKLEY CHRISTIAN ACADEMY,KENTUCKY,21221,CADIZ TRIGG,,7,,2,6,
A0103787,LITTLE RED SCHOOL HOUSE,KENTUCKY,21015,WALTON BOONE,,24,17,30,26,15
A0103790,MOTHER TERESA ACADEMY,KENTUCKY,21111,LOUISVILLE JEFFERSON,,18,30,,,
A0103796,PLEASANT VIEW BAPTIST SCHOOL,KENTUCKY,21027,MC QUADY BRECKINRIDGE,,,37,51,,71
A0103796,PLEASANT VIEW BAPTIST SCHOOL,KENTUCKY,21027,MCQUADY BRECKINRIDGE,,31,,,70,
A0103799,SOLID ROCK CHRISTIAN ACADEMY,KENTUCKY,21019,ASHLAND BOYD,,,15,26,,
A0103800,SHELBY CHRISTIAN PRESCH & KG,KENTUCKY,21211,SHELBYVILLE SHELBY,,16,,,,
A0103805,SOUTH FORK SCHOOL,KENTUCKY,21045,LIBERTY CASEY,,,,17,43,19
A0103805,SOUTH FORK SCHOOL,KENTUCKY,21045,WINDSOR CASEY,,14,22,,,
A0103809,STERLING CHRISTIAN ACADEMY,KENTUCKY,21173,MT. STERLING MONTGOMERY,,5,,,,
A0103822,URBAN MONTESSORI SCH & DAY CAR,KENTUCKY,21111,LOUISVILLE JEFFERSON,,8,,,,
A0103823,URBAN MONTESSORI SCH & DAY CAR,KENTUCKY,21111,LOUISVILLE JEFFERSON,,2,,,,
A0103828,WOODFORD CHRISTIAN SCHOOL,KENTUCKY,21239,VERSAILLES WOODFORD,,50,91,81,95,82
A0301614,ABUNDANT LIFE CHRISTIAN ACADEMY,KENTUCKY,21005,LAWRENCEBURG ANDERSON,,,9,1,,
A0301619,FIRST BAPTIST SINGING BRIDGE ACADEMY,KENTUCKY,21073,FRANKFORT FRANKLIN,,,,13,,
A0301621,GUARDIAN ANGEL SCHOOL,KENTUCKY,21117,COVINGTON KENTON,,,38,,,
A0301622,HEART TO HEART CHRISTIAN SCHOO,KENTUCKY,21125,CORBIN LAUREL,,,7,,,
A0301625,ISLAMIC SCHOOL OF LOUISVILLE,KENTUCKY,21111,LOUISVILLE JEFFERSON,,,13,33,57,33
A0301626,JACKSON COUNTY CHRISTIAN SCHOOL,KENTUCKY,21109,ANNVILLE JACKSON,,,37,56,44,35
A0301628,LEITCHFIELD CHRISTIAN ACADEMY,KENTUCKY,21085,LEITCHFIELD GRAYSON,,,82,82,90,80
A0301631,MONTESSORI MIDDLE SCHOOL OF KENTUCKY,KENTUCKY,21067,LEXINGTON FAYETTE,,,58,60,54,69
A0301632,NUR ISLAMIC SCHOOL OF LOUISVILLE,KENTUCKY,21111,LOUISVILLE JEFFERSON,,,15,20,27,55
A0301638,STEWART HOME SCHOOL,KENTUCKY,21073,FRANKFORT FRANKLIN,,,397,400,250,380
A0301640,TOLLESBORO CHRISTIAN JR SR HIGH SCHOOL,KENTUCKY,21135,TOLLESBORO LEWIS,,,15,52,11,12
A0301641,LOUISVILLE JEWISH DAY SCHOOL,KENTUCKY,21111,LOUISVILLE JEFFERSON,,,21,18,15,18
A0301642,VALLEY CHRISTIAN ACADEMY,KENTUCKY,21195,VIRGIE PIKE,,,7,8,9,21
A0301644,WINCHESTER CHRISTIAN ACADEMY,KENTUCKY,21049,WINCHESTER CLARK,,,52,,73,111
A0501685,CORNERSTONE MONTESSORI SCHOOL,KENTUCKY,21037,DAYTON CAMPBELL,,,,,,
A0501691,GARRETT CHRISTIAN ACADEMY,KENTUCKY,21071,GARRETT FLOYD,,,,24,,
A0501691,GARRETT CHRISTIAN ACADEMY,KENTUCKY,21119,GARRETT KNOTT,,,,,50,19
A0501692,HARVEST CHRISTIAN SCHOOL,KENTUCKY,21005,LAWRENCEBURG ANDERSON,,,,14,9,
A0501693,HOSANNA CHRISTIAN ACADEMY,KENTUCKY,21195,FREEBURN PIKE,,,,7,,
A0501694,JORDAN CHRISTIAN ACADEMY,KENTUCKY,21199,BURNSIDE PULASKI,,,,,46,29
A0501700,VALIANT CHRISTIAN ACADEMY,KENTUCKY,21111,LOUISVILLE JEFFERSON,,,,113,62,70
A0501703,PORTLAND CHRISTIAN SCHOOL - EASTSIDE CAMPUS,KENTUCKY,21111,LOUISVILLE JEFFERSON,,,,37,87,113
A0501704,NEW LIFE CHRISTIAN ACADEMY,KENTUCKY,21085,LEITCHFIELD GRAYSON,,,,23,13,10
A0501706,ST FRANCIS HIGH SCHOOL,KENTUCKY,21111,LOUISVILLE JEFFERSON,,,,130,130,126
A0501708,VALOR TRADITIONAL ACADEMY,KENTUCKY,21111,LOUISVILLE JEFFERSON,,,,110,113,107
A0701031,CAPITAL AREA CHRISTIAN HOMESCHOOLERS,KENTUCKY,21073,FRANKFORT FRANKLIN,,,,,99,
A0701035,CORNERSTONE MONTESSORI SCHOOL INC,KENTUCKY,21037,HIGHLAND HEIGHTS CAMPBELL,,,,,36,
A0701037,HOLY TRINITY SCHOOL,KENTUCKY,21037,NEWPORT CAMPBELL,,,,,118,112
A0701041,LEXINGTON UNIVERSAL ACADEMY,KENTUCKY,21067,LEXINGTON FAYETTE,,,,,92,123
A0701042,NATIVITY ACADEMY AT ST BONIFACE,KENTUCKY,21111,LOUISVILLE JEFFERSON,,,,,50,62
A0701044,SETON CATHOLIC SCHOOL,KENTUCKY,21067,LEXINGTON FAYETTE,,,,,363,383
A0701046,THE MONTESSORI SCHOOL OF LOUISVILLE,KENTUCKY,21111,LOUISVILLE JEFFERSON,,,,,26,36
A0701048,TRIPLE CROWN ACADEMY,KENTUCKY,21111,LOUISVILLE JEFFERSON,,,,,14,11
A0771451,LITTLE RED SCHOOL HOUSE INC,KENTUCKY,21117,ERLANGER KENTON,,,,,15,
A0792097,PORTLAND CHRISTIAN MONTGOMERY ST ELEM,KENTUCKY,21111,LOUISVILLE JEFFERSON,,,,,101,
A0901550,BLUE GRASS CHRISTIAN SCHOOL,KENTUCKY,21151,RICHMOND MADISON,,,,,,116
A0901551,COVENANT CLASSICAL ACADEMY,KENTUCKY,21111,LOUISVILLE JEFFERSON,,,,,,44
A0901552,FAITH FOUNDATION ACADEMY,KENTUCKY,21183,BEAVER DAM OHIO,,,,,,59
A0901553,FIRST UNITED METHODIST KDGN/NURSERY SCHOOL,KENTUCKY,21047,HOPKINSVILLE CHRISTIAN,,,,,,10
A0901554,LAKESIDE CHRISTIAN ACADEMY,KENTUCKY,21205,MOREHEAD ROWAN,,,,,,156
A0901559,MAIN STREET CHRISTIAN EDUCATION CENTER,KENTUCKY,21037,ALEXANDRIA CAMPBELL,,,,,,38
A0901560,MAJESTY ACADEMY,KENTUCKY,21059,OWENSBORO DAVIESS,,,,,,63
A0901561,MORE GRACE CHRISTIAN ACADEMY,KENTUCKY,21111,LOUISVILLE JEFFERSON,,,,,,8
A0901562,MORGAN COUNTY CHRISTIAN ACADEMY,KENTUCKY,21175,WEST LIBERTY MORGAN,,,,,,6
A0901568,ST JAMES ACADEMY,KENTUCKY,21111,LOUISVILLE JEFFERSON,,,,,,62
A0901569,VICTORY CHRISTIAN ACADEMY,KENTUCKY,21003,SCOTTSVILLE ALLEN,,,,,,57
A0971147,ABUNDANT LIFE CHRISTIAN LEARNING TREE HOUSE,KENTUCKY,21005,LAWRENCEBURG ANDERSON,,,,,,4
A0971155,BEYOND IMAGINATION LEARNING CENTER,KENTUCKY,21067,LEXINGTON FAYETTE,,,,,,4
A0971168,DISCOVER ZONE,KENTUCKY,21015,FLORENCE BOONE,,,,,,5
A0971174,FIRST UNITED METHODIST CHURCH PRESCHOOL MINISTRIES,KENTUCKY,21209,GEORGETOWN SCOTT,,,,,,24
A0971175,FT MITCHELL BAPTIST CHURCH JUMP FOR JOY PRESCHOOL,KENTUCKY,21117,FT MITCHELL KENTON,,,,,,11
A0971186,JULIE LEARNING CENTER,KENTUCKY,21117,COVINGTON KENTON,,,,,,28
A0971211,LITTLE RED SCHOOL HOUSE,KENTUCKY,21117,CRESCENT SPRINGS KENTON,,,,,,10
A0971227,PROVIDENCE CHRISTIAN ACADEMY,KENTUCKY,21209,GEORGETOWN SCOTT,,,,,,118
A0971232,SECOND PRESBYTERIAN WEEKDAY SCHOOL,KENTUCKY,21111,LOUISVILLE JEFFERSON,,,,,,30
A9102820,SUMMIT CHRISTIAN ACADEMY,KENTUCKY,21067,LEXINGTON FAYETTE,172,172,133,114,117,90
A9102824,BETHEL CHRISTIAN ACADEMY,KENTUCKY,21027,MC DANIELS BRECKINRIDGE,,,,,,75
A9102824,BETHEL CHRISTIAN ACADEMY,KENTUCKY,21027,MCDANIELS BRECKINRIDGE,,61,,,87,
A9102824,BETHEL CHRISTIAN ACADEMY,KENTUCKY,21085,MC DANIELS GRAYSON,,,,93,,
A9102825,FRANCIS R COTTON SCHOOL,KENTUCKY,21059,OWENSBORO DAVIESS,229,229,132,,,
A9102829,JUNE BUCHANAN SCHOOL,KENTUCKY,21119,PIPPA PASSES KNOTT,185,196,,188,193,117
A9102832,CASEY AMISH MENNONITE SCHOOL,KENTUCKY,21045,LIBERTY CASEY,5,6,15,20,26,27
A9102833,CENTRAL KENTUCKY CHRISTIAN SCHOOL,KENTUCKY,21167,HARRODSBURG MERCER,144,137,49,68,59,20
A9102838,CHRISTIAN ACADEMY OF LOUISVILLE,KENTUCKY,21111,LOUISVILLE JEFFERSON,1616,290,325,345,15,
A9102839,CHRISTIAN TABERNACLE SCHOOLS,KENTUCKY,21107,MADISONVILLE HOPKINS,19,17,16,,,
A9102841,COLUMBIA SDA ELEM SCHOOL,KENTUCKY,21001,COLUMBIA ADAIR,12,8,6,,,
A9102841,COLUMBIA SDA ELEM SCHOOL,KENTUCKY,21007,COLUMBIA BALLARD,,,,,2,
A9102842,COMMUNITY CHRISTIAN ACADEMY,KENTUCKY,21117,INDEPENDENCE KENTON,165,157,156,159,143,148
A9102844,CROFTON AMISH PAROCHIAL SCHOOL,KENTUCKY,21047,CROFTON CHRISTIAN,42,40,40,38,49,41
A9102846,EASTWOOD CHRISTIAN ACADEMY,KENTUCKY,21035,MURRAY CALLOWAY,64,83,,,,78
A9102849,FAITH TEMPLE CHRISTIAN SCHOOL,KENTUCKY,21059,OWENSBORO DAVIESS,5,,,,,
A9102853,GALILEAN CHRISTIAN ACADEMY,KENTUCKY,21045,LIBERTY CASEY,60,38,48,39,66,66
A9102855,GATEWAY CHRISTIAN SCHOOL,KENTUCKY,21013,MIDDLESBORO BELL,173,199,182,176,,148
A9102858,GRACE BAPTIST SCHOOL,KENTUCKY,21107,MADISONVILLE HOPKINS,136,107,149,118,101,89
A9102860,GUTHRIE CHRISTIAN DAY,KENTUCKY,21219,GUTHRIE TODD,68,72,64,58,60,69
A9102863,HARDIN CHRISTIAN ACADEMY,KENTUCKY,21093,RADCLIFF HARDIN,12,15,,26,32,31
A9102866,HERITAGE ACADEMY,KENTUCKY,21015,FLORENCE BOONE,369,356,271,261,240,132
A9102869,HICKORY AMISH MENNONITE SCHOOL,KENTUCKY,21083,HICKORY GRAVES,,30,,,,
A9102869,HICKORY AMISH MENNONITE SCHOOL,KENTUCKY,21083,MAYFIELD GRAVES,,,,27,17,14
A9102881,LIGHTHOUSE SCH EL/HS,KENTUCKY,21139,LEDBETTER LIVINGSTON,,49,,,,
A9102884,LITTLE RED SCHOOL HOUSE ELEMENTARY I,KENTUCKY,21117,ERLANGER KENTON,23,23,25,24,,18
A9102885,LIVING WATERS CHRISTIAN SCHOOL,KENTUCKY,21095,BIG LAUREL HARLAN,,,,,,19
A9102885,LIVING WATERS CHRISTIAN SCHOOL,KENTUCKY,21095,BLEDSOE HARLAN,24,22,8,20,15,
A9102886,CORNERSTONE CHRISTIAN ACADEMY,KENTUCKY,21211,SHELBYVILLE SHELBY,,167,219,205,205,146
A9102891,LOUISVILLE ADVENTIST ACADEMY,KENTUCKY,21111,LOUISVILLE JEFFERSON,32,26,39,37,72,74
A9102895,MANCHESTER CHRISTIAN ACADEMY,KENTUCKY,21051,MANCHESTER CLAY,37,37,,30,25,
A9102896,MARION CHURCH OF GOD CHRISTIAN SCHOOL,KENTUCKY,21055,MARION CRITTENDEN,,12,6,4,,
A9102898,MCBEATH SCHOOL,KENTUCKY,21045,LIBERTY CASEY,,25,18,13,13,17
A9102900,MONROE COUNTY MENNONITE SCHOOL,KENTUCKY,21009,GLASGOW BARREN,,,23,,,
A9102900,MONROE COUNTY MENNONITE SCHOOL,KENTUCKY,21009,MOUNT HERMON BARREN,,,,25,,
A9102900,MONROE COUNTY MENNONITE SCHOOL,KENTUCKY,21171,GLASGOW MONROE,,,,,,41
A9102900,MONROE COUNTY MENNONITE SCHOOL,KENTUCKY,21171,MOUNT HERMON MONROE,,,,,48,
A9102900,MONROE COUNTY MENNONITE SCHOOL,KENTUCKY,21171,MT. HERMON MONROE,,20,,,,
A9102900,MONROE COUNTY MENNONITE SCHOOL,KENTUCKY,21203,MT. HERMON ROCKCASTLE,25,,,,,
A9102901,MONTESSORI SCHOOL OF FRANKFORT,KENTUCKY,21073,FRANKFORT FRANKLIN,30,20,,,,
A9102902,MOUNTAIN CHRISTIAN ACADEMY EL,KENTUCKY,21071,MARTIN FLOYD,137,150,,81,63,
A9102904,NORTHSIDE BAPTIST CHRISTIAN SCHOOL,KENTUCKY,21083,MAYFIELD GRAVES,134,103,106,81,88,83
A9102906,OAKWOOD PAROCHIAL SCHOOL,KENTUCKY,21003,SCOTTSVILLE ALLEN,,53,53,52,57,133
A9102908,OUR SAVIOR LUTHERAN SCHOOL,KENTUCKY,21111,LOUISVILLE JEFFERSON,200,193,156,152,151,173
A9102909,PEWEE VALLEY JUNIOR ACADEMY,KENTUCKY,21185,PEWEE VALLEY OLDHAM,38,26,26,,20,14
A9102912,THE PIARIST SCHOOL,KENTUCKY,21071,MARTIN FLOYD,47,40,52,44,53,63
A9102913,PLAINVIEW MENNONITE SCHOOL,KENTUCKY,21141,AUBURN LOGAN,,8,9,,,
A9102913,PLAINVIEW MENNONITE SCHOOL,KENTUCKY,21141,RUSSELLVILLE LOGAN,28,,,,,
A9102915,ROLLING HILLS CHRISTIAN SCHOOL,KENTUCKY,21029,SHEPHERDSVILLE BULLITT,29,24,22,28,28,27
A9102918,ST ROSE SCHOOL,KENTUCKY,21179,NEW HOPE NELSON,9,11,10,,,
A9102924,SOUTH FORK ELEMENTARY,KENTUCKY,21045,LIBERTY CASEY,9,,,,,
A9102924,SOUTH FORK ELEMENTARY,KENTUCKY,21045,WINDSOR CASEY,,17,,,,
A9102930,SUGAR GROVE CHRISTIAN ACADEMY,KENTUCKY,21059,FORDSVILLE DAVIESS,25,,,,,
A9102930,SUGAR GROVE CHRISTIAN ACADEMY,KENTUCKY,21183,FORDSVILLE OHIO,,24,19,26,12,12
A9102931,TABERNACLE CHRISTIAN ACADEMY,KENTUCKY,21113,NICHOLASVILLE JESSAMINE,53,45,50,,45,51
A9102935,TURKEY CREEK PAROCHIAL SCHOOL,KENTUCKY,21045,LIBERTY CASEY,26,27,30,15,,
A9102938,VICTORY RD CHRISTIAN ACADEMY,KENTUCKY,21095,CUMBERLAND HARLAN,101,99,65,52,58,86
A9102941,WOODBRIDGE ACADEMY,KENTUCKY,21067,LEXINGTON FAYETTE,37,,20,9,,
A9106304,FONDE CHRISTIAN ACADEMY,KENTUCKY,21013,FONDE BELL,,54,36,52,35,29
A9300412,GLASGOW CHRISTIAN ACADEMY,KENTUCKY,21009,GLASGOW BARREN,,,,148,96,101
A9300413,DOVE CHRISTIAN ACADEMY,KENTUCKY,21093,RADCLIFF HARDIN,96,,,,,
A9300414,TRINITY CHRISTIAN ACADEMY,KENTUCKY,21067,LEXINGTON FAYETTE,207,273,,348,334,334
A9300415,ST. MARY MIDDLE SCHOOL,KENTUCKY,21145,PADUCAH MCCRACKEN,164,,,,,
A9300418,CLARK COUNTY CHRISTIAN SCHOOL,KENTUCKY,21049,WINCHESTER CLARK,222,,,,,
A9300419,KENTUCKY CHRISTIAN ACADEMY,KENTUCKY,21217,CAMPBELLSVILLE TAYLOR,113,57,51,72,73,84
A9300421,HOLY TRINITY LUTHERAN SCHOOL,KENTUCKY,21227,BOWLING GREEN WARREN,112,69,70,82,103,30
A9300422,NORTH HARDIN CHRISTIAN SCHOOL,KENTUCKY,21093,RADCLIFF HARDIN,74,141,199,221,306,336
A9303090,BEULAH MT CHRISTIAN ACADEMY,KENTUCKY,21147,WHITLEY CITY MCCREARY,22,46,17,,17,35
A9303094,FRANKLIN MENNONITE ELEM,KENTUCKY,21213,FRANKLIN SIMPSON,22,31,,,,
A9303105,HAZARD CHRISTIAN ACADEMY,KENTUCKY,21025,HAZARD BREATHITT,,,,,17,5
A9303105,HAZARD CHRISTIAN ACADEMY,KENTUCKY,21193,HAZARD PERRY,,23,16,16,,
A9303111,LEXINGTON MONTESSORI SCHOOL,KENTUCKY,21067,LEXINGTON FAYETTE,54,57,45,37,28,29
A9303116,MEREDITH-DUNN SCHOOL,KENTUCKY,21111,LOUISVILLE JEFFERSON,142,190,194,192,199,199
A9303118,NEW HOPE CHRISTIAN ACADEMY,KENTUCKY,21239,MIDWAY WOODFORD,14,14,17,14,13,
A9303121,OWENSBORO CHRISTIAN ACADEMY,KENTUCKY,21059,OWENSBORO DAVIESS,25,24,17,26,11,
A9303123,PELLYTON PAROCHIAL  ELEMENTARY,KENTUCKY,21045,DUNNVILLE CASEY,23,27,18,,,
A9303125,PORTLAND CHRISTIAN ELEM,KENTUCKY,21111,LOUISVILLE JEFFERSON,142,,,,,
A9303133,SOUTH LAUREL ACADEMY,KENTUCKY,21125,LONDON LAUREL,13,,,,,
A9303137,SUMMIT ACADEMY OF GREATER LOUISVILLE,KENTUCKY,21111,LOUISVILLE JEFFERSON,107,120,127,149,155,143
A9303141,VILLA MADONNA ACADEMY ELEM AND JR HIGH SCHOOL,KENTUCKY,21117,VILLA HILLS KENTON,,427,160,475,556,319
A9501860,BOWLING GREEN CHRISTIAN ACADEMY,KENTUCKY,21227,BOWLING GREEN WARREN,193,210,204,200,119,100
A9501861,PLUM TREE MONTESSORI SCHOOL,KENTUCKY,21227,BOWLING GREEN WARREN,2,,,,,
A9501865,CHILDREN'S MONTESSORI SCHOOL OF GEORGETOWN,KENTUCKY,21209,GEORGETOWN SCOTT,6,12,13,20,18,20
A9501866,CHRISTIAN HERITAGE COMMUNITY SCHOOL,KENTUCKY,21093,RADCLIFF HARDIN,54,63,69,68,51,
A9501868,COMMUNITY CHRISTIAN ACADEMY K-12,KENTUCKY,21145,PADUCAH MCCRACKEN,254,324,344,361,276,238
A9501870,MONTESSORI ACADEMY OF GLASGOW,KENTUCKY,21009,GLASGOW BARREN,,,5,2,3,4
A9501871,CORNERSTONE CHRISTIAN SCHOOL,KENTUCKY,21125,LILY LAUREL,157,166,139,113,117,67
A9501875,VERSAILLES MONTESSORI SCHOOL,KENTUCKY,21239,VERSAILLES WOODFORD,55,61,74,53,40,70
A9501876,FAITH ACADEMY CHRISTIAN SCH,KENTUCKY,21161,MAYSVILLE MASON,,27,,,,
A9501877,GOOD SHEPHERD DAY SCHOOL,KENTUCKY,21067,LEXINGTON FAYETTE,30,26,32,21,24,12
A9501880,HENDERSON CHRISTIAN SCHOOL,KENTUCKY,21101,CORYDON HENDERSON,,41,,,,
A9501880,HENDERSON CHRISTIAN SCHOOL,KENTUCKY,21101,HENDERSON HENDERSON,47,,,,,
A9501881,HERITAGE CHRISTIAN ACADEMY,KENTUCKY,21047,HOPKINSVILLE CHRISTIAN,326,353,389,,418,382
A9501888,LEXINGTON CHRISTIAN ACADEMY,KENTUCKY,21067,LEXINGTON FAYETTE,,1494,1492,1524,,1469
A9501903,GRACE ACADEMY OF CREATIVE LEARNING,KENTUCKY,21015,BURLINGTON BOONE,,43,9,,,
A9501903,GRACE ACADEMY OF CREATIVE LEARNING,KENTUCKY,21015,FLORENCE BOONE,145,,,,,
A9501903,GRACE ACADEMY OF CREATIVE LEARNING,KENTUCKY,21117,BURLINGTON KENTON,,,,36,36,
A9501908,SOUTHERN HILLS MONTESSORI SCHOOL,KENTUCKY,21067,LEXINGTON FAYETTE,42,6,6,12,5,
A9501909,SPEEDWELL MONTESSORI,KENTUCKY,21145,PADUCAH MCCRACKEN,10,21,13,,,
A9501910,ST PATRICK SCHOOL,KENTUCKY,21111,LOUISVILLE JEFFERSON,529,609,,704,740,694
A9501917,TRENT MONTESSORI PRESCHOOL,KENTUCKY,21037,NEWPORT CAMPBELL,15,16,13,14,10,
A9501918,MAXIMILIAN MONTESSORI ACADEMY,KENTUCKY,21059,OWENSBORO DAVIESS,79,,75,,86,65
A9501919,VILLA MADONNA MONTESSORI,KENTUCKY,21117,VILLA HILLS KENTON,17,14,,20,21,16
A9503235,HARVEST CHRISTIAN ACADEMY,KENTUCKY,21089,S PORTSMOUTH GREENUP,,,,107,,
A9503235,HARVEST CHRISTIAN ACADEMY,KENTUCKY,21089,SOUTH PORTSMOUTH GREENUP,,,92,,,101
A9701580,2ND PRESBYTERIAN,KENTUCKY,21111,LOUISVILLE JEFFERSON,34,,,,,
A9701589,CHRISTIAN ACADEMY OF LAWRENCEBURG,KENTUCKY,21005,LAWRENCEBURG ANDERSON,105,120,104,125,116,92
A9701591,CORNERSTONE BAPTIST ACADEMY,KENTUCKY,21009,GLASGOW BARREN,41,11,,,,
A9701593,DANVILLE CHRISTIAN ACADEMY,KENTUCKY,21021,DANVILLE BOYLE,58,116,130,163,220,223
A9701594,OLDHAM COUNTY CHRISTIAN ACADEM,KENTUCKY,21185,LA GRANGE OLDHAM,143,158,77,,,
A9701597,CALVARY CHRISTIAN SCHOOL,KENTUCKY,21019,CATLETTSBURG BOYD,43,68,73,51,53,45
A9701599,TRINITY CHRISTIAN ACADEMY,KENTUCKY,21127,LOUISA LAWRENCE,116,86,65,61,89,44
A9701604,GROWING TOGETHER PRESCHOOL INC,KENTUCKY,21067,LEXINGTON FAYETTE,3,,,,,
A9701605,INFINITE POSSIBILITIES CHRISTIAN ACADEMY,KENTUCKY,21063,SANDY HOOK ELLIOTT,32,31,18,19,9,
A9701615,LITTLE FLOCK CHRISTIAN ACADEMY,KENTUCKY,21029,SHEPHERDSVILLE BULLITT,187,202,191,230,213,177
A9701617,MICAH CHRISTIAN SCHOOL,KENTUCKY,21029,HILLVIEW BULLITT,,,172,197,,
A9701617,MICAH CHRISTIAN SCHOOL,KENTUCKY,21111,HILLVIEW JEFFERSON,,,,,166,148
A9701617,MICAH CHRISTIAN SCHOOL,KENTUCKY,21111,LOUISVILLE JEFFERSON,103,188,,,,
A9701621,EASTSIDE CHRISTIAN ACADEMY,KENTUCKY,21111,LOUISVILLE JEFFERSON,,40,78,81,88,96
A9701621,EASTSIDE CHRISTIAN ACADEMY,KENTUCKY,21185,LOUISVILLE OLDHAM,55,,,,,
A9701625,BLUEGRASS CHRISTIAN SCHOOL,KENTUCKY,21151,RICHMOND MADISON,71,63,37,67,119,
A9701627,ST JOSEPH ACADEMY,KENTUCKY,21015,WALTON BOONE,296,271,205,171,141,160
A9701629,ST PETER EARLY CHILDHOOD CENTE,KENTUCKY,21067,LEXINGTON FAYETTE,12,,,,,
A9701636,SOMERSET CHRISTIAN SCHOOL,KENTUCKY,21199,SOMERSET PULASKI,132,162,,226,256,307
A9701638,WALDORF SCHOOL OF LOUISVILLE,KENTUCKY,21111,LOUISVILLE JEFFERSON,72,60,58,96,109,83
A9704080,FIRST BAPTIST CHURCH PRESCHOOL & KINDERG,KENTUCKY,21085,LEITCHFIELD GRAYSON,26,22,,17,,
A9704081,FIRST PRESBYTERIAN CHILDRENS L,KENTUCKY,21067,LEXINGTON FAYETTE,9,,,,,
A9704084,ABBY'S CHILD ENRICHMENT CENTER,KENTUCKY,21037,FORT THOMAS CAMPBELL,115,15,,,,
A9704091,ADATH JESHURUN PRESCHOOL,KENTUCKY,21111,LOUISVILLE JEFFERSON,16,10,13,7,,
A9704109,CALVARY CHRISTIAN SCHOOL,KENTUCKY,21049,WINCHESTER CLARK,22,95,137,121,140,117
A9704115,CENTRAL BAPTIST CHURCH CC,KENTUCKY,21067,LEXINGTON FAYETTE,7,,,,,
A9704116,CENTRAL BAPTIST HOSPITAL CDC,KENTUCKY,21067,LEXINGTON FAYETTE,10,,,,,
A9704120,CHRIST CHURCH SCHOOL,KENTUCKY,21111,LOUISVILLE JEFFERSON,47,28,34,36,23,
A9704124,CHRISTIAN CARE CENTER & KINDER,KENTUCKY,21015,FLORENCE BOONE,30,21,23,,,
A9704125,CAMPBELLSVILLE CHRISTIAN CHURCH CTR FOR EDUCATION,KENTUCKY,21217,CAMPBELLSVILLE TAYLOR,19,18,41,43,22,16
A9704127,CHRISTIAN TRADITIONAL SCHOOL,KENTUCKY,21173,MOUNT STERLING MONTGOMERY,,,15,18,15,15
A9704127,CHRISTIAN TRADITIONAL SCHOOL,KENTUCKY,21173,MT. STERLING MONTGOMERY,11,35,,,,
A9704128,CHURCHILL ACADEMY,KENTUCKY,21037,WILDER CAMPBELL,41,44,35,28,,
A9704132,CORNERSTONE MONTESSORI SCHOOL,KENTUCKY,21037,BELLEVUE CAMPBELL,26,33,,,,
A9704132,CORNERSTONE MONTESSORI SCHOOL,KENTUCKY,21037,DAYTON CAMPBELL,,,,33,,
A9704132,CORNERSTONE MONTESSORI SCHOOL,KENTUCKY,21037,HIGHLAND HEIGHTS CAMPBELL,,,,,37,37
A9704133,CRESTWOOD CHRISTIAN CHILDCARE,KENTUCKY,21067,LEXINGTON FAYETTE,25,11,11,,,
A9704144,EVANGEL CREATIVE LEARNING CENTER,KENTUCKY,21111,LOUISVILLE JEFFERSON,39,35,26,17,19,17
A9704148,FAYETTE CO-OP NURSERY SCHOOL,KENTUCKY,21067,LEXINGTON FAYETTE,23,9,11,,,
A9704149,FAYETTE CO OPERATING NURSERY S,KENTUCKY,21067,LEXINGTON FAYETTE,,9,11,8,,
A9704150,FIRST BAPTIST CHURCH PRESCHOOL,KENTUCKY,21211,SHELBYVILLE SHELBY,20,32,17,,,
A9704157,BATH COUNTY CHRISTIAN SCHOOL,KENTUCKY,21011,OWINGSVILLE BATH,40,15,28,38,43,20
A9704158,MT STERLING CHRISTIAN SCHOOL,KENTUCKY,21173,MOUNT STERLING MONTGOMERY,,,88,66,11,11
A9704158,MT STERLING CHRISTIAN SCHOOL,KENTUCKY,21173,MT. STERLING MONTGOMERY,72,84,,,,
A9704159,FIRST KIDS,KENTUCKY,21199,SOMERSET PULASKI,19,,,,,
A9704163,GRACE EDGETT CHILD DEVELOPMENT CTR & KIN,KENTUCKY,21117,ERLANGER KENTON,10,9,11,11,,
A9704167,HARVEST ACADEMY,KENTUCKY,21151,RICHMOND MADISON,77,58,51,154,,
A9704168,HARVEY BROWNE PRESCHOOL,KENTUCKY,21111,LOUISVILLE JEFFERSON,19,22,21,33,34,33
A9704170,HIGHLAND PRES. NURSERY AND WEEKDAY SCHOOL,KENTUCKY,21111,LOUISVILLE JEFFERSON,24,21,24,18,18,21
A9704175,KENESETH ISRAEL PRESCHOOL,KENTUCKY,21111,LOUISVILLE JEFFERSON,7,15,9,,5,10
A9704177,KIDS R KIDS 1 KY,KENTUCKY,21067,LEXINGTON FAYETTE,9,,,,,
A9704184,KIDS N KAPERS NURSERY SCHOOL,KENTUCKY,21067,LEXINGTON FAYETTE,8,,,,,
A9704187,KINDERCARE LEARNING CENTER,KENTUCKY,21067,LEXINGTON FAYETTE,11,,,,,
A9704189,KINDER CARE LEARNING CTR #420,KENTUCKY,21111,LOUISVILLE JEFFERSON,8,,,,,
A9704198,LAFAYETTE CHRISTIAN CHURCH CC,KENTUCKY,21067,LEXINGTON FAYETTE,3,10,10,6,,
A9704199,LAKESIDE PRESBYTERIAN KINDERGARTEN & PRESCHOOL,KENTUCKY,21117,FORT MITCHELL KENTON,19,18,,,,
A9704199,LAKESIDE PRESBYTERIAN KINDERGARTEN & PRESCHOOL,KENTUCKY,21117,LAKESIDE PARK KENTON,,,36,13,,10
A9704203,LITTLE ELKS PRESCHOOL,KENTUCKY,21067,LEXINGTON FAYETTE,,16,,,,
A9704206,IMMANUEL CHRISTIAN ACADEMY,KENTUCKY,21231,MONTICELLO WAYNE,39,24,21,27,17,12
A9704207,LITTLE RED SCHOOL HOUSE,KENTUCKY,21037,ALEXANDRIA CAMPBELL,21,19,17,7,,
A9704208,LITTLE RED SCHOOL HOUSE,KENTUCKY,21117,TAYLOR MILL KENTON,24,20,15,18,19,
A9704209,LITTLE RED SCHOOL HOUSE II,KENTUCKY,21015,FLORENCE BOONE,24,24,,20,,
A9704210,LITTLE RED SCHOOL HOUSE III,KENTUCKY,21117,CRESCENT SPRGS KENTON,25,20,,,,
A9704210,LITTLE RED SCHOOL HOUSE III,KENTUCKY,21117,CRESCENT SPRINGS KENTON,,,23,,,
A9704211,LITTLE RED SCHOOL HOUSE IV,KENTUCKY,21015,FLORENCE BOONE,22,20,110,25,,23
A9704217,MIDDLETOWN CHRISTIAN PRESCHOOL & KINDERGARTEN,KENTUCKY,21111,LOUISVILLE JEFFERSON,10,13,25,14,18,32
A9704219,MOREHEAD MONTESSORI,KENTUCKY,21205,MOREHEAD ROWAN,21,32,32,21,,
A9704220,MOUNTAIN MONTESSORI PRESCHOOL,KENTUCKY,21133,WHITESBURG LETCHER,2,,,,,
A9704221,NKU EARLY CHILDHOOD CENTER,KENTUCKY,21037,HIGHLAND HTS CAMPBELL,13,,,,,
A9704222,NATIONAL ACADEMY,KENTUCKY,21067,LEXINGTON FAYETTE,12,20,16,16,15,12
A9704224,PEANUT HOUSE PRESCHOOL,KENTUCKY,21227,BOWLING GREEN WARREN,,12,,,,
A9704229,RICHMOND MONTESSORI SCHOOL,KENTUCKY,21151,RICHMOND MADISON,6,,,,,
A9704230,RIDGEWOOD CHILD DEVELOPMENT,KENTUCKY,21111,LOUISVILLE JEFFERSON,3,,,,,
A9704234,ROWAN COUNTY CHRISTIAN ACADEMY,KENTUCKY,21205,MOREHEAD ROWAN,156,185,183,23,50,29
A9704243,SOUTHERN HILLS EARLY CHILDHOOD,KENTUCKY,21067,LEXINGTON FAYETTE,14,,,,,
A9704245,SPRINGDALE PRESCHOOL,KENTUCKY,21111,LOUISVILLE JEFFERSON,15,17,17,10,18,
A9704247,ST ANN'S CHILD DEVELOPMENT CENTER,KENTUCKY,21117,COVINGTON KENTON,21,10,13,20,,
A9704249,ST FRANCIS PRESCHOOL,KENTUCKY,21111,HARRODS CREEK JEFFERSON,,,,9,,
A9704251,FRIENDS SCHOOL,KENTUCKY,21111,LOUISVILLE JEFFERSON,34,40,67,9,20,33
A9704256,ST MATTHEWS BAPTIST PRESCHOOL,KENTUCKY,21111,LOUISVILLE JEFFERSON,10,10,7,,,
A9704258,ST. PAUL'S KIDS PLACE,KENTUCKY,21117,FT WRIGHT KENTON,10,6,,,,
A9704261,STRATHMOOR EDUCATION CENTER,KENTUCKY,21111,LOUISVILLE JEFFERSON,22,13,7,9,7,2
A9704263,SUBURBAN CHRISTIAN KINDERGARTEN & PRESCHOOL,KENTUCKY,21111,LOU JEFFERSON,5,4,,,,
A9704263,SUBURBAN CHRISTIAN KINDERGARTEN & PRESCHOOL,KENTUCKY,21111,LOUISVILLE JEFFERSON,,,1,7,9,14
A9704267,TEMPLE TRAGER EARLY CHILDHOOD EDUCATION  CENTER,KENTUCKY,21111,LOUISVILLE JEFFERSON,15,15,17,16,9,9
A9704270,TREASURE HOUSE CHILD CARE CENTER,KENTUCKY,21117,COVINGTON KENTON,10,8,9,7,,
A9704271,TRINITY HILL CHILD CARE CENTER,KENTUCKY,21067,LEXINGTON FAYETTE,10,10,10,8,7,
A9704278,VALLEY VIEW CHILD DEVELOPMENT CENTER,KENTUCKY,21111,LOUISVILLE JEFFERSON,24,27,16,15,8,10
A9704280,WALNUT HILLS ACADEMY,KENTUCKY,21037,COLD SPRING CAMPBELL,12,9,8,11,,
A9901947,ALL SAINTS HIGH SCHOOL,KENTUCKY,21125,LONDON LAUREL,,39,,,,
A9901947,ALL SAINTS HIGH SCHOOL,KENTUCKY,21235,LONDON WHITLEY,42,,,,,
A9901952,BURDINE CHRISTIAN SCHOOL,KENTUCKY,21133,BURDINE LETCHER,31,22,10,,,
A9901954,BETHANY CHILD DEVELOPMENT CENTER,KENTUCKY,21111,LOUISVILLE JEFFERSON,14,,9,7,,
A9901958,BUSY BEES EDUCARE,KENTUCKY,21101,HENDERSON HENDERSON,16,15,,,,
A9901961,CARTER CHRISTIAN ACADEMY,KENTUCKY,21043,GRAYSON CARTER,108,79,76,80,40,27
A9901962,CEDAR RUN PAROCHIAL ELEMENTARY,KENTUCKY,21001,DUNNVILLE ADAIR,,12,19,,,
A9901962,CEDAR RUN PAROCHIAL ELEMENTARY,KENTUCKY,21045,DUNNVILLE CASEY,59,,,,,
A9901963,CHAPEL OF PRAISE CHRISTIAN ACA,KENTUCKY,21191,FALMOUTH PENDLETON,19,30,22,,,
A9901964,CHRIST CENTRAL SCHOOL,KENTUCKY,21195,PIKEVILLE PIKE,60,59,64,72,43,50
A9901966,CHRISTIAN ACADEMY OF CARROLLTON,KENTUCKY,21041,CARROLLTON CARROLL,130,153,153,162,102,70
A9901967,CHRISTIAN HERITAGE ACADEMY,KENTUCKY,21107,MADISONVILLE HOPKINS,,,,,23,
A9901967,CHRISTIAN HERITAGE ACADEMY,KENTUCKY,21233,MADISONVILLE WEBSTER,,,,32,,
A9901967,CHRISTIAN HERITAGE ACADEMY,KENTUCKY,21233,PROVIDENCE WEBSTER,114,25,38,,,
A9901970,THE CHILDREN'S HOUSE,KENTUCKY,21199,SOMERSET PULASKI,24,48,26,19,,
A9901971,CHILDREN'S HOUSE MONTESSORI,KENTUCKY,21227,BOWLING GREEN WARREN,4,1,3,1,4,1
A9901973,CLARK COUNTY CHRISTIAN SCHOOL,KENTUCKY,21049,WINCHESTER CLARK,,114,68,79,19,32
A9901983,EDUCARE INFANT & TODDLER CTR,KENTUCKY,21067,LEXINGTON FAYETTE,20,,,,,
A9901986,FOUNDATION CHRISTIAN ACADEMY,KENTUCKY,21227,BOWLING GREEN WARREN,60,64,81,59,57,94
A9901989,GLEN LILY CHRISTIAN ACADEMY,KENTUCKY,21099,MUNFORDVILLE HART,23,12,,,,
A9901993,HARLAN COUNTY CHRISTIAN SCHOOL,KENTUCKY,21095,HARLAN HARLAN,59,,,,,
A9901993,HARLAN COUNTY CHRISTIAN SCHOOL,KENTUCKY,21095,PUTNEY HARLAN,,74,66,77,60,45
A9901994,HIS KIDS,KENTUCKY,21067,LEXINGTON FAYETTE,12,,,,,
A9902000,JOY'S LEARNING CENTER,KENTUCKY,21103,IMMENENCE HENRY,16,10,8,,,
A9902007,KINDER CARE LEARNING CTR #304,KENTUCKY,21067,LEXINGTON FAYETTE,5,,,,,
A9902009,KINDER CARE LEARNING CTR #936,KENTUCKY,21067,LEXINGTON FAYETTE,6,,,,,
A9902011,LARUE BAPTIST SCHOOL,KENTUCKY,21123,HODGENVILLE LARUE,39,52,58,37,27,27
A9902012,LIGHTHOUSE CHRISTIAN ACADEMY,KENTUCKY,21139,LEDBETTER LIVINGSTON,,50,,20,19,27
A9902016,LEXINGTON CHRISTIAN ACADEMY,KENTUCKY,21067,LEXINGTON FAYETTE,1433,,92,106,,
A9902022,LISA'S LEARNING CENTER,KENTUCKY,21089,FLATWOODS GREENUP,,1,2,9,,
A9902024,RAINBOW CHILD CARE CENTER,KENTUCKY,21015,HEBRON BOONE,15,20,45,34,30,110
A9902028,MIDDLESBORO CHRISTIAN ACADEMY,KENTUCKY,21013,MIDDLESBORO BELL,31,37,45,,,
A9902030,MARTIN'S CHILD DEVELOPMENT CENTER,KENTUCKY,21117,ERLANGER KENTON,3,16,10,10,,
A9902031,METEER SCHOOL,KENTUCKY,21017,PARIS BOURBON,2,,,,,
A9902032,MILL CREEK CHRISTIAN SCHOOL,KENTUCKY,21013,STONEY FORK BELL,53,22,27,29,26,
A9902032,MILL CREEK CHRISTIAN SCHOOL,KENTUCKY,21095,STONEY FORK HARLAN,,,,,,33
A9902033,MILLVILLE BAPTIST ACADEMY,KENTUCKY,21073,FRANKFORT FRANKLIN,,,,,,
A9902033,MILLVILLE BAPTIST ACADEMY,KENTUCKY,21239,FRANKFORT WOODFORD,,13,12,12,10,17
A9902034,MODEL LABORATORY SCHOOL AFTER,KENTUCKY,21151,RICHMOND MADISON,702,,,,,
A9902035,MONTESSORI AT 5TH ST.,KENTUCKY,21117,COVINGTON KENTON,5,8,7,,,
A9902040,NORTHERN KENTUCKY UNIV EARLY C,KENTUCKY,21037,HIGHLAND HTS CAMPBELL,13,,,,,
A9902042,OHIO COUNTY CHRISTIAN ACADEMY,KENTUCKY,21183,BEAVER DAM OHIO,46,10,17,15,,
A9902043,OPEN DOOR CHRISTIAN ACADEMY,KENTUCKY,21145,PADUCAH MCCRACKEN,33,28,10,15,17,19
A9902046,LIBERTY CHRISTIAN SCHOOL,KENTUCKY,21091,HAWESVILLE HANCOCK,14,19,16,22,19,13
A9902047,PORTER MEMORIAL BAPTIST PRESCHOOL,KENTUCKY,21067,LEXINGTON FAYETTE,,12,30,112,26,30
A9902051,SHIELD OF FAITH CHRISTIAN ACAD,KENTUCKY,21067,LEXINGTON FAYETTE,9,,,,,
A9902053,ST MICHAEL SCHOOL,KENTUCKY,21111,LOUISVILLE JEFFERSON,166,258,344,424,455,490
A9902054,SMALL WONDERS LEARNING CENTER,KENTUCKY,21089,RACELAND GREENUP,10,,,,,
A9902056,SONG OF DAVID DAY CARE CENTER,KENTUCKY,21111,LOUISVILLE JEFFERSON,7,2,,,,
A9902058,SOUTHSIDE PRESCHOOL & KG,KENTUCKY,21033,PRINCETON CALDWELL,33,37,11,,,
A9902059,SOUTHWEST CHRISTIAN ACADEMY &,KENTUCKY,21111,LOUISVILLE JEFFERSON,,,,,,
A9902067,UNITED CHRISTIAN ACADEMY,KENTUCKY,21185,CRESTWOOD OLDHAM,14,,,,,
A9902071,CHRIST THE KING LEARNING CENTER,KENTUCKY,21111,LOUISVILLE JEFFERSON,4,2,15,30,6,
A9902072,VILEY HEIGHTS DAY CARE,KENTUCKY,21067,LEXINGTON FAYETTE,6,,,,,
A9902074,WALNUT HILL DAY SCHOOL,KENTUCKY,21067,LEXINGTON FAYETTE,14,8,12,12,,14
A9902076,WESLEY CHRISTIAN SCHOOL,KENTUCKY,21071,ALLEN FLOYD,44,83,62,58,85,113
A9902080,ZION CHRISTIAN ACADEMY,KENTUCKY,21015,FLORENCE BOONE,45,73,108,90,82,44
AA000048,ASHLAND SDA ELEM,KENTUCKY,21019,ASHLAND BOYD,7,,,,,
AA000362,TAYLOR MILL CHRISTIAN ACADEMY,KENTUCKY,21117,TAYLOR MILL KENTON,9,6,7,11,12,9
AA000483,FAITH BAPTIST ACADEMY,KENTUCKY,21213,FRANKLIN SIMPSON,66,51,36,30,27,16
AA000856,LEXINGTON JUNIOR ACADEMY,KENTUCKY,21067,LEXINGTON FAYETTE,30,38,30,36,35,31
AA000886,LOUISVILLE CHRISTIAN SCHOOL,KENTUCKY,21111,LOUISVILLE JEFFERSON,33,,,,,
AA001192,PROVIDENCE MONTESSORI SCHOOL,KENTUCKY,21067,LEXINGTON FAYETTE,153,159,126,145,146,151
AA001590,VICTORY CHRISTIAN ACADEMY,KENTUCKY,21111,LOUISVILLE JEFFERSON,,309,200,,,
AA890393,CHRISTIAN FELLOWSHIP SCHOOL,KENTUCKY,21157,BENTON MARSHALL,269,239,242,194,147,128
AA890394,DANVILLE MONTESSORI SCHOOL,KENTUCKY,21021,DANVILLE BOYLE,84,70,47,66,56,63
BB000598,AGAPE CHRISTIAN ACADEMY,KENTUCKY,21003,SCOTTSVILLE ALLEN,53,,,,,
BB000600,EARLY CHILDHOOD/KIDS 1ST DAY,KENTUCKY,21213,FRANKLIN SIMPSON,65,,,,,
BB000601,FRANKLIN MENNONITE SCHOOL,KENTUCKY,21213,AUBURN SIMPSON,24,,,,,
BB021087,VICTORY CHRISTIAN ACAD,KENTUCKY,21003,SCOTTSVILLE ALLEN,,29,,,,
BB021088,CALVARY CHRISTIAN SCHOOL,KENTUCKY,21121,BABOURVILLE KNOX,,52,,,,
BB060863,EMMANUEL BAPTIST SCHOOL,KENTUCKY,21065,IRVINE ESTILL,,,,3,,
BB060864,IMAGINE TOMORROW CHILD DEV CENTER,KENTUCKY,21117,ERLANGER KENTON,,,,9,,
BB080962,GOSPEL LIGHT ACADEMY,KENTUCKY,21117,LUDLOW KENTON,,,,,43,
BB080963,PLEASANT VIEW CHRISTIAN SCHOOL,KENTUCKY,21117,BROMLEY KENTON,,,,,20,
BB080967,LITTLE RED SCHOOL HOUSE,KENTUCKY,21117,CRESCENT SPRINGS KENTON,,,,,15,
BB080968,NORTHERN KENTUCKY BAPTIST SCHOOL,KENTUCKY,21117,LAKESIDE PARK KENTON,,,,,32,
BB100848,BLUEGRASS CHRISTIAN ACADEMY,KENTUCKY,21179,BARDSTOWN NELSON,,,,,,100
CB040769,STANTON CHRISTIAN SCHOOL,KENTUCKY,21197,STANTON POWELL,,,,,,
K9302493,CHILDRENS HOUSE MONTESSORI SCH,KENTUCKY,21111,LOUISVILLE JEFFERSON,20,,,,,
K9302494,ST JOSEPH MONTESSORI CHILDRENS CENTER,KENTUCKY,21179,NAZARETH NELSON,70,,28,17,9,
K9302495,URBAN MONTESSORI SCHOOLS INC,KENTUCKY,21111,LOUISVILLE JEFFERSON,11,,,,,
K9302497,MERCY MONTESSORI SCHOOL,KENTUCKY,21111,LOUISVILLE JEFFERSON,21,44,11,5,,
K9302498,SACRED HEART PRESCHOOL,KENTUCKY,21111,LOUISVILLE JEFFERSON,128,158,54,48,13,22
K9302501,ST PAULS PRESHL & KINDERGARTEN,KENTUCKY,21111,LOUISVILLE JEFFERSON,15,,,,,
K9302510,NORTHERN KY MONTESSORI CENTER,KENTUCKY,21117,CRESCENT SPRINGS KENTON,,,,18,17,
K9302510,NORTHERN KY MONTESSORI CENTER,KENTUCKY,21117,FORT MITCHELL KENTON,20,,,,,
K9302510,NORTHERN KY MONTESSORI CENTER,KENTUCKY,21117,FT MITCHELL KENTON,,,54,,,
K9302512,NATIVITY MONTESSORI SCHOOL,KENTUCKY,21161,MAYSVILLE MASON,24,13,10,3,10,5
K9302514,GRACE EPISCOPAL CHURCH KINDERGARTEN,KENTUCKY,21047,HOPKINSVILLE CHRISTIAN,8,13,10,7,9,12
K9302518,GLORIA DEI LUTHERAN SCHOOL,KENTUCKY,21093,ELIZABETHTOWN HARDIN,16,36,48,57,53,31
K9500262,CHRIST LUTHERAN PRESCHOOL & KINDERGARTEN,KENTUCKY,21111,LOUISVILLE JEFFERSON,14,17,17,,17,16
K9500263,FIRST BAPTIST WEEKDAY MINISTRI,KENTUCKY,21047,HOPKINSVILLE CHRISTIAN,17,,,,,
K9500264,KENWOOD MONTESSORI SCHOOL,KENTUCKY,21111,LOUISVILLE JEFFERSON,13,10,9,4,,
X0516818,MT CARMEL ELEMENTARY SCHOOL,KENTUCKY,21025,VANCLEVE BREATHITT,42,41,,,,
X0516931,SAYRE ELEM,KENTUCKY,21067,LEXINGTON FAYETTE,242,,,,,
X0517163,CALVARY CHRISTIAN SCHOOL,KENTUCKY,21117,COVINGTON KENTON,630,638,634,602,490,392
X1929722,ROSE HILL CHRISTIAN SCHOOL,KENTUCKY,21019,ASHLAND BOYD,,371,,277,382,230
Y0516705,KENTUCKY COUNTRY DAY SCHOOL,KENTUCKY,21111,LOUISVILLE JEFFERSON,756,804,784,814,881,899
Y0516818,MOUNT CARMEL SCHOOL,KENTUCKY,21025,VANCLEVE BREATHITT,58,57,97,95,83,70
Y0516931,SAYRE MIDDLE SCHOOL,KENTUCKY,21067,LEXINGTON FAYETTE,133,,,,,
Y1602059,PITT ACADEMY,KENTUCKY,21111,LOUISVILLE JEFFERSON,50,53,52,40,54,75
Z0516931,SAYRE SCHOOL,KENTUCKY,21067,LEXINGTON FAYETTE,399,537,580,628,600,562